{"cameraMode":{"drawMode":0,"name":"Shaded","section":"Shading Mode"},"sceneLighting":false,"audioPlay":false,"sceneViewState":{"showFog":false,"showMaterialUpdate":false,"showSkybox":false,"showFlares":true,"showImageEffects":true,"showParticleSystems":true},"in2DMode":false,"pivot":{"x":718.0,"y":530.1876831054688,"z":37.05485153198242},"rotation":{"x":0.023932920768857003,"y":-0.0734127014875412,"z":0.00176224485039711,"w":0.9970128536224365},"size":1733.5855712890625,"orthographic":true}