{"cameraMode":{"drawMode":0,"name":"Shaded","section":"Shading Mode"},"sceneLighting":false,"audioPlay":false,"sceneViewState":{"showFog":false,"showMaterialUpdate":false,"showSkybox":false,"showFlares":true,"showImageEffects":true,"showParticleSystems":true},"in2DMode":false,"pivot":{"x":-0.00003078579902648926,"y":0.09931725263595581,"z":0.025260552763938905},"rotation":{"x":0.2775746285915375,"y":-0.6171910166740418,"z":0.2470139116048813,"w":0.6935500502586365},"size":1.0934244394302369,"orthographic":false}