{"cameraMode":{"drawMode":0,"name":"Shaded","section":"Shading Mode"},"sceneLighting":false,"audioPlay":false,"sceneViewState":{"showFog":false,"showMaterialUpdate":false,"showSkybox":false,"showFlares":true,"showImageEffects":true,"showParticleSystems":true},"in2DMode":false,"pivot":{"x":0.007812559604644776,"y":0.46678268909454348,"z":-0.0234375},"rotation":{"x":0.3369999825954437,"y":-0.3774980306625366,"z":0.1497708410024643,"w":0.8494085669517517},"size":1.7566938400268555,"orthographic":false}