{"cameraMode":{"drawMode":0,"name":"Shaded","section":"Shading Mode"},"sceneLighting":false,"audioPlay":false,"sceneViewState":{"showFog":false,"showMaterialUpdate":false,"showSkybox":false,"showFlares":true,"showImageEffects":true,"showParticleSystems":true},"in2DMode":false,"pivot":{"x":0.3162156939506531,"y":0.35127031803131106,"z":0.6737487316131592},"rotation":{"x":0.3369999825954437,"y":-0.3774980306625366,"z":0.1497708410024643,"w":0.8494085669517517},"size":6.2265753746032719,"orthographic":false}