{"cameraMode":{"drawMode":0,"name":"Shaded","section":"Shading Mode"},"sceneLighting":false,"audioPlay":false,"sceneViewState":{"showFog":false,"showMaterialUpdate":false,"showSkybox":false,"showFlares":true,"showImageEffects":true,"showParticleSystems":true},"in2DMode":false,"pivot":{"x":0.0,"y":0.5512754917144775,"z":0.03907120227813721},"rotation":{"x":0.3369999825954437,"y":-0.3774980306625366,"z":0.1497708410024643,"w":0.8494085669517517},"size":2.4817841053009035,"orthographic":false}