{"cameraMode":{"drawMode":0,"name":"Shaded","section":"Shading Mode"},"sceneLighting":false,"audioPlay":false,"sceneViewState":{"showFog":false,"showMaterialUpdate":false,"showSkybox":false,"showFlares":true,"showImageEffects":true,"showParticleSystems":true},"in2DMode":false,"pivot":{"x":1493.0,"y":939.000244140625,"z":0.00002288818359375},"rotation":{"x":-0.03449226915836334,"y":-0.007199740968644619,"z":0.0002484386204741895,"w":-0.9993790984153748},"size":2359.33251953125,"orthographic":true}