{"cameraMode":{"drawMode":0,"name":"Shaded","section":"Shading Mode"},"sceneLighting":false,"audioPlay":false,"sceneViewState":{"showFog":false,"showMaterialUpdate":false,"showSkybox":false,"showFlares":true,"showImageEffects":true,"showParticleSystems":true},"in2DMode":false,"pivot":{"x":-0.0078125,"y":0.1293177604675293,"z":0.00960133969783783},"rotation":{"x":0.2775746285915375,"y":-0.6171910166740418,"z":0.2470139116048813,"w":0.6935500502586365},"size":0.9324840307235718,"orthographic":false}