{"cameraMode":{"drawMode":0,"name":"Shaded","section":"Shading Mode"},"sceneLighting":false,"audioPlay":false,"sceneViewState":{"showFog":false,"showMaterialUpdate":false,"showSkybox":false,"showFlares":true,"showImageEffects":true,"showParticleSystems":true},"in2DMode":false,"pivot":{"x":0.3125505745410919,"y":0.9375,"z":0.8124998807907105},"rotation":{"x":0.2775746285915375,"y":-0.6171910166740418,"z":0.2470139116048813,"w":0.6935500502586365},"size":4.221873760223389,"orthographic":false}