{"cameraMode":{"drawMode":0,"name":"Shaded","section":"Shading Mode"},"sceneLighting":false,"audioPlay":false,"sceneViewState":{"showFog":false,"showMaterialUpdate":false,"showSkybox":false,"showFlares":true,"showImageEffects":true,"showParticleSystems":true},"in2DMode":false,"pivot":{"x":1855.0001220703125,"y":996.500732421875,"z":-0.000091552734375},"rotation":{"x":-0.008996149525046349,"y":0.028790783137083055,"z":-0.00025917284074239433,"w":-0.9995450377464294},"size":2002.040771484375,"orthographic":true}