{"cameraMode":{"drawMode":0,"name":"Shaded","section":"Shading Mode"},"sceneLighting":false,"audioPlay":false,"sceneViewState":{"showFog":false,"showMaterialUpdate":false,"showSkybox":false,"showFlares":true,"showImageEffects":true,"showParticleSystems":true},"in2DMode":false,"pivot":{"x":960.0,"y":946.0003662109375,"z":0.00001811981201171875},"rotation":{"x":0.34210440516471865,"y":-0.07739885151386261,"z":0.028287990018725396,"w":0.9360415935516357},"size":2206.341796875,"orthographic":true}