{"cameraMode":{"drawMode":0,"name":"Shaded","section":"Shading Mode"},"sceneLighting":false,"audioPlay":false,"sceneViewState":{"showFog":false,"showMaterialUpdate":false,"showSkybox":false,"showFlares":true,"showImageEffects":true,"showParticleSystems":true},"in2DMode":false,"pivot":{"x":0.2500000298023224,"y":0.9375,"z":0.01562488079071045},"rotation":{"x":0.2775746285915375,"y":-0.6171910166740418,"z":0.2470139116048813,"w":0.6935500502586365},"size":4.176245212554932,"orthographic":false}