{"cameraMode":{"drawMode":0,"name":"Shaded","section":"Shading Mode"},"sceneLighting":false,"audioPlay":false,"sceneViewState":{"showFog":false,"showMaterialUpdate":false,"showSkybox":false,"showFlares":true,"showImageEffects":true,"showParticleSystems":true},"in2DMode":false,"pivot":{"x":-0.01986384391784668,"y":0.8921023011207581,"z":-9.178963661193848},"rotation":{"x":0.34210437536239626,"y":-0.07739884406328201,"z":0.028287988156080247,"w":0.936041533946991},"size":7.3194451332092289,"orthographic":true}